userid,440234743,971880107,345417623,446310786,671027360,60976845,044021145X,60938455,446672211,142000205,385504209,385505833,044022165X,671510053,345443284,60928336,671003755,380789019,385335482,446606812,60930535,345361792,60934417,375700757,375707972,553572997,385486804,440236673,446610038,067976402X,449212602,451524934,345342968,385484518,345337662,446605239,590353403,684874350,312305060,679746048,1558743669,440221471,439064872,60959037,014028009X,452282829,385722206,446608955,440241073,804114986,439136369,439139600,449005615,440225701,804106304,316769487,786868716,452282152,60987103,044023722X,142001740,316666343,375726403,671021001,805063897,842329129,60915544,312195516,312278586,156027321,345313860,61009059,446364193,140293248,316776963,440211727,743237188,380789035,440206154,345370775,1400034779,767902521,743418174,375725784,345339703,440226430,440224764,385492081,316569321,059035342X,812550706,345353145,440214041,60392452,312291639,375706771,60502258,345339681,068484477X,440213525,439136350,316096199,044651652X,316284955,375727345,312924585,684872153,316601950,439139597,439064864,043935806X,440220602,671001795,440222656
11676,0.06326435545896014,0.03936896552975556,0.3307085307872331,0.06639709836846071,0.07030208065234843,0.03252256489219407,0.03016554738408904,0.2856502931714153,0.2819933751106762,0.06810693840393703,0.027985227193572673,0.042756490494991896,0.04857717490243843,0.06882226050537653,0.011616929047860415,0.03217408264866185,0.07538508014746814,0.09675094902899097,0.3126558314171513,0.022258029789993618,0.09002722385525366,0.23753581883157418,0.039169580132313545,0.049266772102408075,0.06676390289436715,0.12214749080121311,0.0354809593171575,0.028746312898574003,0.19226497594354472,0.21222641783115728,0.1904668010663209,0.06511534137324823,0.029023050351742238,0.029404172114920447,0.10985035307280502,0.024992451964536345,0.24527264089865142,0.056792040576972916,0.04437003050026425,0.0843226833451155,0.0,0.04944199157893017,0.12234355081590424,0.10278420136429256,0.07943830023879794,0.3101279851206145,0.027337140369886152,0.08273565925123039,0.03427288355833,0.09615826293173749,0.08921242665329657,0.2565101028694793,0.2688569905255027,0.07376485745624274,0.014226871980629592,0.06437919124795367,0.04002920754932295,0.04448745199295917,0.1403687191077335,0.030854252405669948,0.040473538403117744,0.03476733890593337,0.11243808665955687,0.06958691221603093,0.07823697140891357,0.02244380721559605,0.08437627552517402,0.23144177754348805,0.010035990362446082,0.014551068866897384,0.08973712231907205,0.07786416038402005,0.06948925184106751,0.012380163831369778,0.12869795995862726,0.0417455893706184,0.028757215474190877,0.043199387125887764,0.02941531754905184,0.01987146940109963,0.025268133764199688,0.030920658833274352,0.09267486382467607,0.043607966257167036,0.02366654657665301,0.018962973278974303,0.04747740710636085,0.027729831239945636,0.30901402819898705,0.24527264089865142,0.03187830892887304,0.021766959233096274,0.027562814218274674,0.09105097563465239,0.010035990362446082,0.02246435552784906,0.10308610397424012,0.019550229919768604,0.04453706066800485,0.11130313253214615,0.09464331334696023,0.23887137291538862,0.041028665141102434,0.12897835566995342,0.04217110619242563,0.0777702247421028,0.061154565353840874,0.03125251805872195,0.04202577993282962,0.22926805315010906,0.06761356503589692,0.031069263090373937,0.2595904825054076,0.05334100131999096
16795,0.03211555500758674,0.036075900280977465,0.0,0.06955957893424217,0.010132412545800076,0.04479165660230362,0.028888008569803315,0.0,0.002229142033810077,0.05718886977521764,0.40171857053958365,0.03633977625311955,0.03801202415758541,0.05439139560220055,0.016285030273705547,0.008854792745723102,0.14800521522219198,0.05575382107397634,0.030871727794429912,0.09147920646796154,0.028948633191694426,0.058569444441907655,0.032528376299838596,0.04358879186001276,0.06526767577630234,0.04525883088400687,0.007415603545460446,0.00926665549496479,0.011900680888274357,0.01657840982022167,0.05368722248773264,0.0656937905780868,0.04109927727927412,0.013229637229928606,0.09953734698294453,0.6193364399215773,0.013062580246455107,0.0289218966362467,0.020428088335846827,0.06281041200598435,0.0,0.01047726295728347,0.029201690241345467,0.0602603936575371,0.03152535052512405,0.02701700613004049,0.017218189742063884,0.07679310977263855,0.08232413391361287,0.04336759128050676,0.018097240772491127,0.031163279611103226,0.016185537784373163,0.05101070344306741,0.0,0.023495432810032864,0.03415733360062395,0.08262798601572484,0.059003275899853255,0.015952952030582862,0.45992148795532817,0.24987487259097174,0.0956495933519353,0.4883056068567695,0.022375897223541313,0.09010180161838537,0.05779078334734424,0.03129328861095207,0.02113250954282579,0.0,0.038013524199180374,0.0033333285830237556,0.05189553436315557,0.022638612449017558,0.03528162283261629,0.009580105410062824,0.030174577586245924,0.03891281541238349,0.016652545108465474,0.0,0.01926845461693177,0.0,0.03718244721484248,0.03413984882717799,0.015563565390402155,0.012639723359894335,0.0726082931038726,0.020020954699902796,0.041311018056995066,0.013062580246455107,0.0398316279146186,0.04864108651592584,0.07321576083736168,0.024786998108179158,0.02113250954282579,0.012850516137992702,0.1241345556793533,0.004493590232760697,0.06261761852226526,0.04270050014211306,0.02513044120115026,0.029279750596353196,0.0648174558452972,0.08393531346451268,0.0456272578858263,0.008642258078376848,0.022901793954208514,0.0295324967012384,0.010939960861556061,0.020619555940695245,0.021894032909844076,0.06704813512511337,0.018524755603368914,0.0
22625,0.007562326357249914,0.06718356395008139,0.01599228350243493,0.031682009232600825,0.06798277686979323,0.06797048650928786,0.03876054340391007,0.011020096667464868,0.020323295356725876,0.08273146107421822,0.01535354209876512,0.022559121873478662,0.10496178396966246,0.05132895220910581,0.35165540494960784,0.03585172103226581,0.021556367969652754,0.04577835697341985,0.03770676560751955,0.03518628462986795,0.06193854705077261,0.023178675049313625,0.04314355664027586,0.04698060973630189,0.03309982650799361,0.10834911640096853,0.023330528105431476,0.03988401025629733,0.02309333490314439,0.2830464016651293,0.0,0.03970434146051187,0.0022638132875570515,0.28186314356617376,0.048085049050750256,0.03239535561781211,0.3060192699555324,0.0386993134600781,0.0236278395659566,0.04496208520809946,0.0,0.0033881261545975023,0.14335325152422687,0.12441263972727078,0.040019116062157294,0.041530744190110734,0.014598704473144666,0.1007287019648584,0.037617485266346944,0.009017317300275949,0.11235682637769842,0.13618386669162086,0.007532159682678841,0.08667968739211535,0.01492232278740428,0.24407392731881594,0.06072416429421655,0.0411627422966864,0.06591373744248231,0.01611428500780967,0.03546847771930202,0.20052651094862872,0.05960946512312167,0.013791225796166422,0.012834650654435,0.0348535948800267,0.011149988325388514,0.01108552672613556,0.009282942220803482,0.011564026371665134,0.022593481188955343,0.03516672171973869,0.0355890578429179,0.008588415894712665,0.040315474081509234,0.011851463517880318,0.0271695605149848,0.01263102530219494,0.018836015603543095,0.016806472511964623,0.014993182886266861,0.0,0.04767168279543641,0.06251168374786907,0.0926354748743063,0.020081041789341125,0.05785028010803669,0.00879647924407275,0.035920971652610226,0.3060192699555324,0.02639158598049643,0.0441019844788546,0.040768870382682,0.015549019485246103,0.009282942220803482,0.3899883379149819,0.048376761045609534,0.3501170772959887,0.02158856890329998,0.0525463745270275,0.15309398545820477,0.021748921613466945,0.07527496277353618,0.014508226705866378,0.12017397231548425,0.06941890515287198,0.031200137460772808,0.30397160687929003,0.057892857335300786,0.30565632925003555,0.4361830032605945,0.007765152039428713,0.01095678668156713,0.01643883391859005
35859,0.08110540856630785,0.030945924139813456,0.0031097346194457415,0.03545580704036647,0.0,0.0077947221641402374,0.4267735981460588,0.0,0.017549365947395264,0.02603811051214066,0.031689341682836145,0.011702055917001864,0.1128377648709552,0.06239815428367313,0.0,0.03030983746511048,0.05760379138546953,0.059289924136000934,0.025893439938533762,0.009829950155578115,0.02737984850657128,0.058216485407925816,0.06410157016445114,0.03834503741244401,0.1009399148956886,0.0267626309427971,0.021093895650435186,0.008952084900882822,0.011468699638737647,0.016015630700083324,0.03333185713618151,0.0538351331355379,0.4087429343898592,0.018216509688950132,0.09056220868345646,0.03380877998493563,0.31908569149123733,0.024383878231027334,0.016406075156419682,0.04698181342543718,0.0,0.08289874933697915,0.060193617291581056,0.045508917712406116,0.02624542963594513,0.043727188145373845,0.004813949720017878,0.0819925748017735,0.03206932490404184,0.027211625214558867,0.029625514590024243,0.04077358073462098,0.02482255086573884,0.11348121539015912,0.0,0.04049334844656679,0.017712666845281104,0.009304620017049287,0.05264703595545854,0.016905245085213093,0.03650283123684304,0.0062434418496436234,0.0760348726346626,0.036875705502834505,0.0,0.022106324236846178,0.018609662687725237,0.3903617210764728,0.020415134640419882,0.010981409985412142,0.028939463149233933,0.565584707400103,0.006639070202989676,0.0,0.0344541662391359,0.02630047026545894,0.02431096241574189,0.01958851875147232,0.019445205231184124,0.0,0.022452922941529122,0.021923265945809792,0.03220085041356441,0.0067964048297264835,0.019273503436922537,0.013147855104455704,0.13002425402352286,0.016954572982494986,0.02166877104344564,0.31908569149123733,0.007345462973183295,0.01172258763033562,0.05190827480538891,0.01596371072051563,0.020415134640419882,0.018825106778528326,0.014092683669991656,0.019428129519883052,0.325656427812384,0.16115316944419236,0.06256863754894017,0.052612239757856206,0.040594773606448274,0.04598805837647103,0.02072904228588658,0.06353453683101987,0.05433798583457732,0.012180428322261336,0.01828573376854851,0.046399368947170734,0.04740182645875695,0.009886848524003062,0.09819295869848987,0.00818384393167349
95359,0.055222722203472636,0.03161009648624792,0.02933904272414388,0.3931707429336092,0.0,0.034231154654714976,0.03013075808974827,0.053541448267681875,0.02567582973886374,0.03461231441621428,0.02381240142245669,0.09481661316916604,0.09836947172441594,0.021046377958353735,0.028897261373754663,0.023857492569828304,0.044300911801254624,0.12472911325379524,0.019898297780755934,0.012519273960288587,0.08735256507315985,0.2986426055953802,0.07279744665265492,0.057576306446897006,0.0422002328732972,0.07754506077218223,0.34367690588771593,0.0610035209063219,0.007321006906505398,0.038232605919140156,0.26903962841891244,0.06667801689646595,0.043969733926825766,0.010864928452075488,0.15290617346154775,0.03132277852788667,0.06975530654222448,0.06732732082254819,0.45564200732041776,0.035046865727906905,0.0,0.01765646955278726,0.0644854694184079,0.1284724373667093,0.04176087309965214,0.0427329575054173,0.03656658177649044,0.06500803852434671,0.04403141568964917,0.10484568420954378,0.0665649251778386,0.07393730894857696,0.035076378011318035,0.03886270976368548,0.0,0.020242036537397874,0.05307564803245029,0.06128509062321892,0.20261654532028028,0.011024992503168808,0.030906355682050766,0.005105215552398758,0.05678023316614158,0.10394813691362109,0.023793867791494554,0.06684014968614299,0.15167686420848359,0.005493475741742894,0.020521871727431584,0.011446878682237309,0.015819675761089065,0.016951600843059158,0.03754594842349051,0.03307907249418002,0.04655239864796338,0.02886900812493161,0.018155696666518062,0.09830990125993369,0.0027581367938225142,0.061515755408059196,0.0318988152477622,0.03570134366953715,0.025748284719581727,0.018596564269140668,0.059709280758980514,0.037547563171613695,0.0422539576707309,0.34995995086950155,0.03622163607288408,0.06975530654222448,0.05780881645609284,0.02779167970052012,0.028122141768524095,0.26480699606947705,0.020521871727431584,0.017328635894417292,0.09384073770347837,0.012353879822636239,0.05412442365803226,0.024299853276075173,0.1269971196210208,0.04847024387349798,0.1073470500846864,0.09102182076544138,0.06275381368720016,0.03893655536967858,0.040869185035972484,0.299337377339739,0.03784317480803577,0.03908972285555218,0.4091515025878456,0.008084401851493537,0.03199374826033147,0.0
104636,0.05997462625607754,0.030932094220014337,0.00823522798074679,0.0340523028515736,0.04105808060605279,0.010869007290018136,0.3208327855451409,0.00680701548632797,0.33117055136762047,0.021193269622941983,0.016006921977184167,0.01703126244705943,0.1499902327656638,0.018257628757421582,0.0,0.028561695231395002,0.01694758994976442,0.029187884418310793,0.024513245366228044,0.0,0.029673385814522245,0.05376458283564847,0.03619594320508242,0.038509984916322924,0.09204020250251327,0.07689055342800853,0.015350109220187797,0.06119766871717543,0.26188182025721624,0.015986547982708803,0.014586960023806625,0.02045431061993051,0.003918537323426409,0.005960380516033128,0.07401950846360497,0.007086874353604266,0.3358905514379075,0.016325499947428396,0.018741730688033427,0.03700777404395845,0.0,0.09306457678648615,0.411618458867194,0.05290990068891967,0.03648030197144787,0.027184309110740493,0.025229645052601835,0.08674288383902468,0.04965821111206514,0.03443380158751439,0.5021095646453388,0.42882727446112945,0.01164097174012807,0.09346689875819224,0.04392612104007966,0.05188691671107922,0.011394028236572248,0.041914737599310116,0.07423410343413063,0.005380310974415502,0.028541558403382045,0.03353719582093914,0.04684000366637206,0.031551089563843365,0.01573027481435771,0.0144259956965088,0.05790249104162669,0.004105884829591594,0.01055567921406845,0.010714494024625201,0.029371283500521518,0.030973776117007183,0.03165132788438497,0.021000832677905912,0.04414116369463583,0.44715630900357023,0.01398388803270855,0.019264373564171593,0.03366551054342197,0.0,0.007632542702547421,0.03292879875585018,0.042806217059196086,0.027296869166800766,0.014025402785488899,0.2686296334058548,0.097286632479535,0.006161434153248998,0.029955013057313327,0.3358905514379075,0.010690643471433193,0.03312629662215041,0.058043525099264824,0.01879193463540949,0.01055567921406845,0.012790941027004654,0.045682519123024026,0.022825490075280615,0.016321323454216385,0.1273600043139844,0.24647636222152702,0.027128949974277946,0.02003382787017212,0.040143350722887286,0.0,0.03190825020659119,0.02407479459030534,0.01606592395500997,0.05245603445986044,0.17344337181137526,0.16444243003120437,0.0,0.015449855454917866,0.05581473706087399
110912,0.08256684076993767,0.042529663774105594,0.022752514718068197,0.09889736659386753,0.0662767728812283,0.05100697690595632,0.015284999652854122,0.0639425267704393,0.025742831089960432,0.07053447818494765,0.010506872043872646,0.14127563155208225,0.02190084802674008,0.050666041744014956,0.005058691426547706,0.008439375323910068,0.11803476138911652,0.1156630132376825,0.038441508572702295,0.07604626245884895,0.1553297757085706,0.2929486889509261,0.0771687651609571,0.04765619522162768,0.07280195691097065,0.0843262381037704,0.007014934057628786,0.04299165283709403,0.0,0.03553595005622369,0.0748583101252997,0.10077013484221349,0.037603868407079515,0.30008660446152075,0.23198568135428055,0.03836790975025125,0.05468544961173492,0.0643714778232937,0.057797281179463006,0.09934663357274368,0.0,0.0492126000756608,0.09511633442088835,0.14285270106746362,0.36143715060457876,0.04066673458244522,0.42978506643353503,0.12128596547361065,0.03561806391742116,0.3262985948524712,0.041286236198965695,0.08113961776926609,0.036411727698544526,0.015524866145666956,0.07751783245827733,0.03574605534612746,0.3375354999910363,0.058846500524925044,0.22192464415741342,0.025244620788511044,0.03126649981152461,0.02567531104505681,0.11110434196058239,0.08761563394928107,0.0631620226588307,0.05983282921866177,0.17358296364779352,0.007142562833093779,0.010638891705281447,0.0027447477727495,0.05892009053165331,0.013255140083970114,0.10640138700524807,0.06687753833156612,0.061050100135951864,0.026294352139410882,0.0438941025277408,0.09057517777439952,0.01451403140086374,0.07926582579545041,0.35889448978844857,0.04913178144501368,0.07823767956619893,0.10536060529823014,0.022054902712167347,0.2790156928469146,0.06375927137191151,0.018660334655600998,0.03777747035755871,0.05468544961173492,0.05109360671728465,0.08626384894620152,0.03142691746787317,0.2264919922396757,0.010638891705281447,0.011065189577577572,0.15373602253054758,0.019056887381570613,0.29415968550502497,0.05832331266059405,0.12061036068194891,0.04207324988760325,0.024016668987779717,0.10253332018165409,0.0515111242356191,0.053559153846121324,0.03388628090467396,0.03927959021263931,0.26346189586325847,0.2328013154922747,0.04424416559502649,0.007251415017737765,0.05293748228220649,0.040903483411795866
204864,0.1003134362906536,0.03553861707983216,0.0021982333994592985,0.09892762879299657,0.05843294016522063,0.05566568102316928,0.030280574462662184,0.04959224843932393,0.010883170381759979,0.0941053750937172,0.01489010620531887,0.04136020160408199,0.03656836362265637,0.09375399126416063,0.006245355378192356,0.04523769575449318,0.04044327666597797,0.05923168293580577,0.0262818547953331,0.07902098181209681,0.029653159308637357,0.046674666874292225,0.06257011244909103,0.39515744868715397,0.02494130174429253,0.130659754073125,0.029688011641448128,0.0494514942057542,0.022582689811046348,0.2596117728113675,0.24199732857351097,0.04118796066637141,0.028334909268441115,0.038184566270291445,0.14013984394265414,0.027309185119045214,0.028855302348332976,0.34449537026053184,0.03447399966005559,0.0655243341623277,0.0,0.05439717246470642,0.027679297030443695,0.09775893180213265,0.03691300048561413,0.036154800615694635,0.02484162684331974,0.058937994178408996,0.0431696210677386,0.07459923634958736,0.032762428299822906,0.0055106913166370055,0.012747762584739803,0.038333354657580504,0.013430581623654292,0.23321959343037968,0.028101538309275566,0.052396032646789256,0.13525698451487292,0.022325340648426156,0.044929505252042624,0.015272699186720341,0.04956008052020592,0.07663551944400017,0.015280307954429539,0.07554308408259203,0.1285550669197968,0.28206528634105726,0.004177476756815784,0.42109334537946597,0.044756658622463204,0.02198659951796032,0.07685649304738014,0.036326416426545494,0.06538848448698759,0.035489265666761985,0.025090651269713684,0.3498207405328177,0.40249497439949705,0.03319374352496353,0.028501458573319406,0.047353065986285345,0.05506289317553126,0.06707857920983687,0.035662824856251996,0.014385930797803873,0.03628089578845731,0.029506379588078103,0.0530541421907688,0.028855302348332976,0.32345717793862366,0.03447575573251359,0.05331577910072181,0.07895583213913329,0.004177476756815784,0.01019819689569848,0.05935413180971505,0.03252679504757625,0.038768634893728324,0.04235123184835127,0.04872983028025818,0.013216713033927137,0.020808789487659532,0.05562817318150694,0.014653106669199195,0.17279574381367338,0.1965366151246069,0.009320040359667964,0.029646834956765972,0.03277060854718055,0.0108281040579636,0.0,0.052722624644462035,0.005785059263279959
271448,0.04738879931803467,0.09882764840547713,0.003977842696438278,0.005121174418991671,0.02166042793315605,0.04481105215180502,0.03714265427029798,0.0076822515430683865,0.3734078487327516,0.05717397575403979,0.009603247205091101,0.0,0.0437145707775453,0.052164428738721236,0.02017633834842121,0.32779069548130324,0.033089668139741006,0.07093054046263841,0.026120551093723885,0.05643273532954452,0.04019330772883897,0.04385546593773204,0.03680916562776562,0.055447296224577086,0.06415739201673278,0.05838214430684656,0.018751833432865902,0.01940311724216365,0.018860810928292532,0.02242646559793602,0.008055070521041218,0.03561902184290651,0.006789577267003339,0.008611520729775026,0.05612508895011246,0.02376326619350775,0.09296087882052231,0.011970712976821757,0.02449944596384011,0.09895389940370172,0.0,0.031712967850424836,0.09469023181041575,0.09904344145160729,0.02963952430997349,0.4181295940429561,0.024030765064635466,0.06856897386494754,0.05068102844733098,0.038861249237746746,0.13947989259767543,0.37387484150165445,0.02073330388438798,0.04168881688845971,0.0445373804384877,0.031489202146341905,0.01961444999276971,0.07781510151581256,0.01929873158943076,0.34714340130218996,0.04058187889455864,0.22549692975319713,0.11849554940244748,0.02048421519869842,0.04165084694617024,0.010014847391955512,0.0,0.03563431428970915,0.22818581814802238,0.0,0.031209847833779555,0.024971765234352957,0.05615970611071701,0.008980643262566887,0.049512362157150935,0.01957294690374076,0.3237712496701857,0.0,0.01968343024136785,0.038445119214896774,0.0021777932202288945,0.028160264623565887,0.05064052312736987,0.07969739602236305,0.03527457921809757,0.028433303149458456,0.06226044372194155,0.006953662310065558,0.0372302825020789,0.09296087882052231,0.007421682713666656,0.024109426758946347,0.05168471364353315,0.038759734969542395,0.22818581814802238,0.023798145465127075,0.014204243469446149,0.020394504375012997,0.02584039745099155,0.012724533358795434,0.1641087705000587,0.013999385413870184,0.02346877103975309,0.027883902146398364,0.10973091116346415,0.028087284405735075,0.05773109602029412,0.01285710492561076,0.06407297545219456,0.08694153782485334,0.4735412433122904,0.045075650378467225,0.0,0.034379169543088575
