userid,Synopsis
11676,"Fast Food Nation: The Dark Side of the All-American Meal shows how the fast food industry has reshaped the American economic system and imprinted itself on the nation's culture since the 1950s. The industry has profoundly reshaped how American food is produced marketed and consumed. Lucky describes her experience of being raped and beaten when she was eighteen in a tunnel near Syracuse University where she was a student and how this traumatic experience shaped the rest of her life. Sebold has stated that her reason for writing the book was to bring more awareness to rape and rape survivors. Powerfully acted adaptation of Janet Fitch's best-selling novel. With her mother serving a life sentence for murdering her boyfriend a teenage girl enters the foster care system. As she moves from one troubled foster home to another each with its own rules and lessons to be learned she begins a journey of self discovery. Trying to forge her own identity proves difficult under the coldhearted influence of her mother. Dinah opens the story by recounting for readers the union of her mother Leah and father Jacob as well as the expansion of the family to include Leah's sister Rachel and the handmaids Zilpah and Bilhah. Leah is depicted as capable but testy Rachel as something of a belle but kind and creative Zilpah as eccentric and spiritual and Bilhah as the gentle and quiet one of the quartet. A Prayer for Owen Meany is a captivating novel that tells the story of two friends John Wheelwright and Owen Meany as they navigate life in a small New England town. Filled with mystery faith and friendship the book explores themes of fate destiny and the power of belief. While working at the site of an archaeological dig Professor Johnston (Billy Connolly) stumbles into a wormhole and plunges back in time to 14th-century France. Mad scientist Robert Doniger (David Thewlis) who accidentally created the wormhole while developing a teleportation device sends the professor's son Chris (Paul Walker) and protégé Kate (Frances O'Connor) back in time to retrieve him. Unfortunately their rescue mission is sidetracked by a bloody battle between France and England. Like many New York City gals Rebecca Bloomwood (Isla Fisher) loves to shop. The trouble is she shops so much that she is drowning in debt. Rebecca would love to work at the city's top fashion magazine but so far has not been able to get her foot in the door. Then she lands a job as an advice columnist for a financial magazine owned by the same company. Her column becomes an overnight success but her secret threatens to ruin her love life and career. The plot follows Harry's second year at Hogwarts School of Witchcraft and Wizardry during which a series of messages on the walls of the school's corridors warn that the ""Chamber of Secrets"" has been opened and that the ""heir of Slytherin"" would kill all pupils who do not come from all-magical families. The fourth movie in the Harry Potter franchise sees Harry (Daniel Radcliffe) returning for his fourth year at Hogwarts School of Witchcraft and Wizardry along with his friends Ron (Rupert Grint) and Hermione (Emma Watson). There is an upcoming tournament between the three major schools of magic with one participant selected from each school by the Goblet of Fire. When Harry's name is drawn even though he is not eligible and is a fourth player he must compete in the dangerous contest. The four women develop intense bonds as they pursue a killer whose crimes have stunned an entire city. Working together they track down the most terrifying and unexpected killer they have ever encounteredbefore a shocking conclusion in which everything they knew turns out to be devastatingly wrong. After Tennessee teen Novalee Nation (Natalie Portman) is left literally barefoot and pregnant in a Wal-Mart parking lot by her no-good boyfriend Willy Jack Pickens (Dylan Bruno) she manages to live within the mammoth megastore until her baby's abrupt arrival makes her a media darling. After this Good Samaritan nurse Lexie (Ashley Judd) takes in Novalee and her newborn daughter. Before long Lexie and Novalee form a life-changing bond of friendship and sisterhood. ""The Handmaid's Tale"" by Margaret Atwood is a dystopian novel about a woman's struggles in a totalitarian society where her identity fertility and freedoms are suppressed. Through Offred's journey the book highlights the dangers of extremist religious beliefs and the importance of individual resistance. The book delves into Howard's life his determination and his unyielding belief in Seabiscuit's abilities. Hillenbrand paints a vivid picture of the Great Depression era highlighting the economic hardships faced by many Americans and the escape that horse racing provided as a form of entertainment and hope. Michael and Corinne Mulvaney are the parents of four children: Michael Jr. Patrick Marianne and Judd. Living in a picture perfect farm in upstate New York the Mulvaneys own a successful roofing company; Michael Mulvaney is considered a serious businessman. Corinne is a bubbly earthy mother whose life revolves around the family unit. For nearly twenty years the Mulvaney clan thrives admired throughout the small town of Mt. Ephraim for being a model family. Adaptation of the first of J.K. Rowling's popular children's novels about Harry Potter a boy who learns on his eleventh birthday that he is the orphaned son of two powerful wizards and possesses unique magical powers of his own. He is summoned from his life as an unwanted child to become a student at Hogwarts an English boarding school for wizards. There he meets several friends who become his closest allies and help him discover the truth about his parents' mysterious deaths. Two for the Dough published in 1996 is the second novel by Janet Evanovich featuring the bounty hunter Stephanie Plum. Like others in the Stephanie Plum series Two for the Dough was a best-seller spending 36 weeks on the Top 150 list. Plot. Set on the fictional San Piedro Island in the Strait of Juan de Fuca just north of Puget Sound in the state of Washington in 1954 the plot revolves around a murder case in which Kabuo Miyamoto a Japanese American is accused of killing Carl Heine a respected fisherman in the close-knit community."
16795,The Secret Life of Bees is a fictional story set in 1964 South Carolina. Lily Owens lives with her abusive father T. Ray and she is haunted by the mysterious circumstances surrounding her mother's death. One day Lily finds herself in legal trouble after a racist encounter and she goes on the run with Rosaleen. Susie a fourteen-year-old girl is murdered by her neighbour Harvey. She refuses to move on from purgatory saying she has unfinished business and continues to watch over her family and her killer. In 1940s South Carolina mill worker Noah Calhoun (Ryan Gosling) and rich girl Allie (Rachel McAdams) are desperately in love. But her parents don't approve. When Noah goes off to serve in World War II it seems to mark the end of their love affair. In the interim Allie becomes involved with another man (James Marsden). But when Noah returns to their small town years later on the cusp of Allie's marriage it soon becomes clear that their romance is anything but over. A murder in Paris' Louvre Museum and cryptic clues in some of Leonardo da Vinci's most famous paintings lead to the discovery of a religious mystery. For 2000 years a secret society closely guards information that -- should it come to light -- could rock the very foundations of Christianity. She's Come Undone is the 1992 debut novel by Wally Lamb. The novel was selected as the fourth book for Oprah's Book Club in December 1996. Lamb's novel was named a finalist for the 1992 Los Angeles Book Awards' Art Seidenbaum Prize for first fiction. She's Come Undone has been translated into eighteen languages 
22625,"The plot follows Harry's second year at Hogwarts School of Witchcraft and Wizardry during which a series of messages on the walls of the school's corridors warn that the ""Chamber of Secrets"" has been opened and that the ""heir of Slytherin"" would kill all pupils who do not come from all-magical families. Adaptation of the first of J.K. Rowling's popular children's novels about Harry Potter a boy who learns on his eleventh birthday that he is the orphaned son of two powerful wizards and possesses unique magical powers of his own. He is summoned from his life as an unwanted child to become a student at Hogwarts an English boarding school for wizards. There he meets several friends who become his closest allies and help him discover the truth about his parents' mysterious deaths. Plot. Set on the fictional San Piedro Island in the Strait of Juan de Fuca just north of Puget Sound in the state of Washington in 1954 the plot revolves around a murder case in which Kabuo Miyamoto a Japanese American is accused of killing Carl Heine a respected fisherman in the close-knit community. Susie a fourteen-year-old girl is murdered by her neighbour Harvey. She refuses to move on from purgatory saying she has unfinished business and continues to watch over her family and her killer. After fifteen years of marriage Kathryn Lyons woke up to the news that the plane piloted by her husband Jack crashed killing 103 passengers. Throughout the investigation Kathryn unknowingly unraveled the hidden life of her husband and discovered the darkest secrets of the man she thought she knew. The Catcher in the Rye is the story of Holden Caulfield a teenage boy who has been expelled from his prep school and is wandering through New York City over a few days struggling to come to terms with the complexities of growing up and the seeming phoniness of the adult world. The Hobbit is set in Middle-earth and follows home-loving Bilbo Baggins the hobbit of the title who joins the wizard Gandalf and the thirteen dwarves of Thorin's Company on a quest to reclaim the dwarves' home and treasure from the dragon Smaug. Jo Becker has every reason to be content. She has three dynamic daughters a loving marriage and a rewarding career. But she feels a sense of unease. Then an old housemate reappears sending Jo back to a distant past when she lived in a communal house in Cambridge Massachusetts. On an icy winter night in an isolated house in rural Vermont a seasoned midwife named Sibyl Danforth takes desperate measures to save a baby's life. She performs an emergency cesarean section on a mother she believes has died of a stroke. But what if Sibyl's patient wasn't deadand Sibyl inadvertently killed her? ""Tuesdays with Morrie"" by Mitch Albom is a heart-warming memoir about the author's weekly visits with his former professor Morrie Schwartz. Through their discussions Morrie teaches Mitch about life love and what truly matters. During the summer Harry Potter is frustrated by his friends' non-communication and with Dumbledore barring him from helping combat a newly-resurgent Lord Voldemort. One evening Dementors attack him and cousin Dudley but Harry fends them off using the Patronus Charm. Later Order of the Phoenix members arrive at the Dursley house to evacuate Harry. They whisk him off to Number 12 Grimmauld Place Sirius Black's family home which is now the Order's headquarters. Ron and Hermione are there and tell Harry that the Order is a secret organisation that Dumbledore created to fight Voldemort and the Death Eaters. Harry wants to join but is too young."
35859,Dinah opens the story by recounting for readers the union of her mother Leah and father Jacob as well as the expansion of the family to include Leah's sister Rachel and the handmaids Zilpah and Bilhah. Leah is depicted as capable but testy Rachel as something of a belle but kind and creative Zilpah as eccentric and spiritual and Bilhah as the gentle and quiet one of the quartet. Adaptation of the first of J.K. Rowling's popular children's novels about Harry Potter a boy who learns on his eleventh birthday that he is the orphaned son of two powerful wizards and possesses unique magical powers of his own. He is summoned from his life as an unwanted child to become a student at Hogwarts an English boarding school for wizards. There he meets several friends who become his closest allies and help him discover the truth about his parents' mysterious deaths. New Jersey native Stephanie Plum (Katherine Heigl) has plenty of attitude even if she is broke after six months of unemployment. Desperate for money Stephanie convinces her cousin to give her a job as a recovery agent with his bail-bond company. What she lacks in experience she makes up for in moxie and she intends to bring in her cousin's biggest bail-jumper: Joe Morelli (Jason O'Mara) a former vice cop and murder suspect who broke Stephanie's heart when she was in high school. Fahrenheit 451 tells the story of Guy Montag and his transformation from a book-burning fireman to a book-reading rebel. Montag lives in an oppressive society that attempts to eliminate all sources of complexity contradiction and confusion to ensure uncomplicated happiness for all its citizens. A young lawyer joins a small but prestigious law firm only to find out that most of their clients are on the wrong side of the law. The company is helping to launder mob money get clients off charges and even murder partners who threaten to blow their cover. But when the FBI come calling to gather evidence on the lawyer's colleagues he is caught between a rock and a hard place juggling his life and his liberty. Stones from the River is the third-person omniscient 1994 novel by Ursula Hegi which chronicles 40 years of the life of Trudi a woman with dwarfism as she navigates the silently complicit violent and redemptive era of World War I and II Germany in the fictional town of Burgdorf.
95359,"A Prayer for Owen Meany is a captivating novel that tells the story of two friends John Wheelwright and Owen Meany as they navigate life in a small New England town. Filled with mystery faith and friendship the book explores themes of fate destiny and the power of belief. ""The Handmaid's Tale"" by Margaret Atwood is a dystopian novel about a woman's struggles in a totalitarian society where her identity fertility and freedoms are suppressed. Through Offred's journey the book highlights the dangers of extremist religious beliefs and the importance of individual resistance. After fifteen years of marriage Kathryn Lyons woke up to the news that the plane piloted by her husband Jack crashed killing 103 passengers. Throughout the investigation Kathryn unknowingly unraveled the hidden life of her husband and discovered the darkest secrets of the man she thought she knew. During the summer Harry Potter is frustrated by his friends' non-communication and with Dumbledore barring him from helping combat a newly-resurgent Lord Voldemort. One evening Dementors attack him and cousin Dudley but Harry fends them off using the Patronus Charm. Later Order of the Phoenix members arrive at the Dursley house to evacuate Harry. They whisk him off to Number 12 Grimmauld Place Sirius Black's family home which is now the Order's headquarters. Ron and Hermione are there and tell Harry that the Order is a secret organisation that Dumbledore created to fight Voldemort and the Death Eaters. Harry wants to join but is too young. Three lives are connected by Virginia Woolf's 1925 novel Mrs Dalloway. In 2001 Clarissa Vaughan (Streep) a New Yorker prepares an award party for her AIDS-stricken long-time friend and poet Richard (Harris). In 1951 Laura Brown (Moore) is a pregnant California housewife with a young son currently in an unhappy marriage. In 1920s England Woolf (Kidman) battles with depression while struggling to finish the work. Stupid White Men ...and Other Sorry Excuses for the State of the Nation! is a book by American filmmaker Michael Moore published in 2001. Christopher McCandless (Emile Hirsch) son of wealthy parents (Marcia Gay Harden William Hurt) graduates from Emory University as a top student and athlete. However instead of embarking on a prestigious and profitable career he chooses to give his savings to charity rid himself of his possessions and set out on a journey to the Alaskan wilderness. Into Thin Air: A Personal Account of the Mt. Everest Disaster is a 1997 bestselling nonfiction book written by Jon Krakauer. It details Krakauer's experience in the 1996 Mount Everest disaster in which eight climbers were killed and several others were stranded by a storm. To Kill a Mockingbird novel by American author Harper Lee published in 1960. Enormously popular it was translated into some 40 languages sold more than 40 million copies worldwide and is one of the most-assigned novels in American schools. In 1961 it won a Pulitzer Prize. The novel was praised for its sensitive treatment of a childs awakening to racism and prejudice in the American South."
104636,"The fourth movie in the Harry Potter franchise sees Harry (Daniel Radcliffe) returning for his fourth year at Hogwarts School of Witchcraft and Wizardry along with his friends Ron (Rupert Grint) and Hermione (Emma Watson). There is an upcoming tournament between the three major schools of magic with one participant selected from each school by the Goblet of Fire. When Harry's name is drawn even though he is not eligible and is a fourth player he must compete in the dangerous contest. The four women develop intense bonds as they pursue a killer whose crimes have stunned an entire city. Working together they track down the most terrifying and unexpected killer they have ever encounteredbefore a shocking conclusion in which everything they knew turns out to be devastatingly wrong. After Tennessee teen Novalee Nation (Natalie Portman) is left literally barefoot and pregnant in a Wal-Mart parking lot by her no-good boyfriend Willy Jack Pickens (Dylan Bruno) she manages to live within the mammoth megastore until her baby's abrupt arrival makes her a media darling. After this Good Samaritan nurse Lexie (Ashley Judd) takes in Novalee and her newborn daughter. Before long Lexie and Novalee form a life-changing bond of friendship and sisterhood. Adaptation of the first of J.K. Rowling's popular children's novels about Harry Potter a boy who learns on his eleventh birthday that he is the orphaned son of two powerful wizards and possesses unique magical powers of his own. He is summoned from his life as an unwanted child to become a student at Hogwarts an English boarding school for wizards. There he meets several friends who become his closest allies and help him discover the truth about his parents' mysterious deaths. A young lawyer joins a small but prestigious law firm only to find out that most of their clients are on the wrong side of the law. The company is helping to launder mob money get clients off charges and even murder partners who threaten to blow their cover. But when the FBI come calling to gather evidence on the lawyer's colleagues he is caught between a rock and a hard place juggling his life and his liberty. The second instalment of boy wizard Harry Potter's adventures at Hogwarts School of Witchcraft and Wizardry based on the novel by JK Rowling. A mysterious elf tells Harry to expect trouble during his second year at Hogwarts but nothing can prepare him for trees that fight back flying cars spiders that talk and deadly warnings written in blood on the walls of the school. Harry Potter's (Daniel Radcliffe) third year at Hogwarts starts off badly when he learns deranged killer Sirius Black (Gary Oldman) has escaped from Azkaban prison and is bent on murdering the teenage wizard. While Hermione's (Emma Watson) cat torments Ron's (Rupert Grint) sickly rat causing a rift among the trio a swarm of nasty Dementors is sent to protect the school from Black. A mysterious new teacher helps Harry learn to defend himself but what is his secret tie to Sirius Black? Carl Lee Hailey (Samuel L. Jackson) is a heartbroken black father who avenges his daughter's brutal rape by shooting the bigoted men responsible for the crime as they are on their way to trial. He turns to Jake Brigance (Matthew McConaughey) an untested lawyer to defend him. Brigance struggles to believe that he can get Hailey acquitted in this small segregated Southern town given Hailey's race and the deliberate nature of his crimes but Carl has unshakable faith in him. Summer Sisters is a coming-of-age novel about two friends Caitlin Somers and Victoria ""Vix"" Leonard who spend every summer together as teenagers. The girls are polar opposites Caitlin being beautiful lively and popular while Vix is a shy but intellectual wallflower."
110912,"A Prayer for Owen Meany is a captivating novel that tells the story of two friends John Wheelwright and Owen Meany as they navigate life in a small New England town. Filled with mystery faith and friendship the book explores themes of fate destiny and the power of belief. The plot follows Harry's second year at Hogwarts School of Witchcraft and Wizardry during which a series of messages on the walls of the school's corridors warn that the ""Chamber of Secrets"" has been opened and that the ""heir of Slytherin"" would kill all pupils who do not come from all-magical families. ""Tuesdays with Morrie"" by Mitch Albom is a heart-warming memoir about the author's weekly visits with his former professor Morrie Schwartz. Through their discussions Morrie teaches Mitch about life love and what truly matters. Stones from the River is the third-person omniscient 1994 novel by Ursula Hegi which chronicles 40 years of the life of Trudi a woman with dwarfism as she navigates the silently complicit violent and redemptive era of World War I and II Germany in the fictional town of Burgdorf. Stupid White Men ...and Other Sorry Excuses for the State of the Nation! is a book by American filmmaker Michael Moore published in 2001. Summer Sisters is a coming-of-age novel about two friends Caitlin Somers and Victoria ""Vix"" Leonard who spend every summer together as teenagers. The girls are polar opposites Caitlin being beautiful lively and popular while Vix is a shy but intellectual wallflower. At the start of the New Year 32-year-old Bridget (Renée Zellweger) decides it's time to take control of her life -- and start keeping a diary. Now the most provocative erotic and hysterical book on her bedside table is the one she's writing. With a taste for adventure and an opinion on every subject - from exercise to men to food to sex and everything in between - she's turning the page on a whole new life. The novel written by Dai Sijie is about two teenage boys during the Chinese Cultural Revolution Luo described as having ""a genius for storytelling"" and the unnamed narrator ""a fine musician"". They are assigned to re-education through labor and are sent to a mountain called ""Phoenix of the Sky"" near Tibet to work in the coal mines and with the rice crop because their doctor parents have been declared enemies of the state by the government. The two boys fall in love with the Little Seamstress the daughter of the local tailor and ""the region's reigning beauty"".  In this thrilling installment Harry finds himself unexpectedly chosen as a competitor in the dangerous Triwizard Tournament. As he navigates through various challenges and uncovers dark secrets he must also face the return of the dark wizard Voldemort. The Five People You Meet in Heaven by Mitch Albom is a thought-provoking and heartwarming novel that explores the interconnectedness of lives. It follows the journey of Eddie an amusement park maintenance worker as he encounters five individuals in the afterlife who each reveal the true significance of his life. The Bonesetter's Daughter published in 2001 is Amy Tan's fourth novel. Like much of Tan's work this book deals with the relationship between an American-born Chinese woman and her immigrant mother. The main detective Mma Ramotswe is a Motswana woman who is the protagonist in the series and whose story is told in the first novel from birth to opening the detective agency. Mma is a Setswana term of respect for a woman; the equivalent term for a man is Rra.[2] This is one of the most common forms of address in the novels."
204864,"Dinah opens the story by recounting for readers the union of her mother Leah and father Jacob as well as the expansion of the family to include Leah's sister Rachel and the handmaids Zilpah and Bilhah. Leah is depicted as capable but testy Rachel as something of a belle but kind and creative Zilpah as eccentric and spiritual and Bilhah as the gentle and quiet one of the quartet. ""The Handmaid's Tale"" by Margaret Atwood is a dystopian novel about a woman's struggles in a totalitarian society where her identity fertility and freedoms are suppressed. Through Offred's journey the book highlights the dangers of extremist religious beliefs and the importance of individual resistance. Plot. Set on the fictional San Piedro Island in the Strait of Juan de Fuca just north of Puget Sound in the state of Washington in 1954 the plot revolves around a murder case in which Kabuo Miyamoto a Japanese American is accused of killing Carl Heine a respected fisherman in the close-knit community. The Catcher in the Rye is the story of Holden Caulfield a teenage boy who has been expelled from his prep school and is wandering through New York City over a few days struggling to come to terms with the complexities of growing up and the seeming phoniness of the adult world. After deciding to sell their zoo in India and move to Canada Santosh and Gita Patel board a freighter with their sons and a few remaining animals. Tragedy strikes when a terrible storm sinks the ship leaving the Patels' teenage son Pi (Suraj Sharma) as the only human survivor. However Pi is not alone; a fearsome Bengal tiger has also found refuge aboard the lifeboat. As days turn into weeks and weeks drag into months Pi and the tiger must learn to trust each other if both are to survive. In this classic story of love and devotion set against the backdrop of the American Civil War a wounded Confederate soldier named W.P. Inman (Jude Law) deserts his unit and travels across the South aiming to return to his young wife Ada (Nicole Kidman) who he left behind to tend their farm. As Inman makes his perilous journey home Ada struggles to keep their home intact with the assistance of Ruby (Renée Zellweger) a mysterious drifter sent to help her by a kindly neighbor. American Gods is a novel by British author Neil Gaiman. The novel is a blend of Americana fantasy and various strands of ancient and modern mythology all centering on the mysterious and taciturn Shadow. The book was published in 2001 by Headline in the United Kingdom and by William Morrow in the United States Ex-FBI agent Will Graham (Edward Norton) is an expert investigator who quit the Bureau after almost losing his life in the process of capturing the elusive Dr. Lecter (Anthony Hopkins). After a series of particularly grisly murders Graham soon realizes that the best way to catch this killer known as the Tooth Fairy is to find a way to get inside the killer's mind. For Graham that means confronting his past and facing his former nemesis the now-incarcerated Lecter. A Memoir is a 1996 memoir by the Irish-American author Frank McCourt with various anecdotes and stories of his childhood. The book details his early childhood in Brooklyn New York but focuses primarily on his life in Limerick Ireland. It also includes his struggles with poverty and his father's alcoholism. Ender's Game is a 1985 military science fiction novel by American author Orson Scott Card. Set at an unspecified date in Earth's future the novel presents an imperiled humankind after two conflicts with an insectoid alien species they dub ""the buggers"""
271448,"The fourth movie in the Harry Potter franchise sees Harry (Daniel Radcliffe) returning for his fourth year at Hogwarts School of Witchcraft and Wizardry along with his friends Ron (Rupert Grint) and Hermione (Emma Watson). There is an upcoming tournament between the three major schools of magic with one participant selected from each school by the Goblet of Fire. When Harry's name is drawn even though he is not eligible and is a fourth player he must compete in the dangerous contest. After Tennessee teen Novalee Nation (Natalie Portman) is left literally barefoot and pregnant in a Wal-Mart parking lot by her no-good boyfriend Willy Jack Pickens (Dylan Bruno) she manages to live within the mammoth megastore until her baby's abrupt arrival makes her a media darling. After this Good Samaritan nurse Lexie (Ashley Judd) takes in Novalee and her newborn daughter. Before long Lexie and Novalee form a life-changing bond of friendship and sisterhood. Michael and Corinne Mulvaney are the parents of four children: Michael Jr. Patrick Marianne and Judd. Living in a picture perfect farm in upstate New York the Mulvaneys own a successful roofing company; Michael Mulvaney is considered a serious businessman. Corinne is a bubbly earthy mother whose life revolves around the family unit. For nearly twenty years the Mulvaney clan thrives admired throughout the small town of Mt. Ephraim for being a model family. Susie a fourteen-year-old girl is murdered by her neighbour Harvey. She refuses to move on from purgatory saying she has unfinished business and continues to watch over her family and her killer. During the summer Harry Potter is frustrated by his friends' non-communication and with Dumbledore barring him from helping combat a newly-resurgent Lord Voldemort. One evening Dementors attack him and cousin Dudley but Harry fends them off using the Patronus Charm. Later Order of the Phoenix members arrive at the Dursley house to evacuate Harry. They whisk him off to Number 12 Grimmauld Place Sirius Black's family home which is now the Order's headquarters. Ron and Hermione are there and tell Harry that the Order is a secret organisation that Dumbledore created to fight Voldemort and the Death Eaters. Harry wants to join but is too young. A classic Southern tale of hilarious sadness set in a sleepy Louisiana parish. A group of lifelong friends stage a rather unorthodox intervention to help a young playwright unravel the truth about her complicated eccentric mother find forgiveness and acceptance and let go of her painful past. A college graduate gets employed as a nanny for a wealthy family. However she finds herself juggling several responsibilities during her employment. The story begins as Luke Chandler and his grandfather Eli also known as Pappy search for migrant workers to help them with the cotton picking. They initially consider themselves lucky to hire the Spruills a family of ""hill people"" and a few Mexican migrants who annually come to the area looking for work. Set on stormy Cape Breton Island off Nova Scotia Fall on Your Knees is an internationally acclaimed multigenerational saga that chronicles the lives of four unforgettable sisters. Theirs is a world filled with driving ambition inescapable family bonds and forbidden love."
